,ds,yhat,yhat_lower,yhat_upper,users
2928,2019-01-01 01:00:00,133.94913173536932,41.69492543986197,230.09984243441528,36
2929,2019-01-01 02:00:00,123.38689854856574,23.162622384750865,221.02331496858628,37
2930,2019-01-01 03:00:00,118.93245663358742,29.804274542446585,213.991028132525,35
2931,2019-01-01 04:00:00,117.09373448996843,25.515921209298387,216.6507741940378,26
2932,2019-01-01 05:00:00,116.21133003108898,20.730046190169443,212.08763090401507,21
2933,2019-01-01 06:00:00,118.1548169725766,22.285368829502843,217.08102640262248,26
2934,2019-01-01 07:00:00,125.82710232123017,33.75022015282369,218.9280990301889,25
2935,2019-01-01 08:00:00,139.3559793819198,47.55451602815075,233.5220552535758,38
2936,2019-01-01 09:00:00,155.03414441002107,56.106902841601105,254.0053566892732,54
2937,2019-01-01 10:00:00,168.0992374696667,78.57434769393045,262.9648293328748,93
2938,2019-01-01 11:00:00,176.47159702548834,87.6605827334125,268.60967232494573,99
2939,2019-01-01 12:00:00,181.66383594915712,89.96357574678314,272.8285285050326,131
2940,2019-01-01 13:00:00,186.10585761422925,89.15983059337368,278.3379931514798,140
2941,2019-01-01 14:00:00,189.9068728094672,97.69482487942821,281.5351522743286,161
2942,2019-01-01 15:00:00,190.6561577575453,94.97952017542264,286.6311624808627,195
2943,2019-01-01 16:00:00,186.59859948880586,89.38133340645794,284.2397665657794,181
2944,2019-01-01 17:00:00,179.76272803544947,84.48788448014837,273.6957822427268,179
2945,2019-01-01 18:00:00,175.32972345100853,80.76754504867968,268.7351959786855,178
2946,2019-01-01 19:00:00,177.20620235959382,81.42224589057774,272.8070995917411,209
2947,2019-01-01 20:00:00,183.8108230346232,91.21071864759702,282.95548695933047,179
2948,2019-01-01 21:00:00,188.3606895042417,88.63230043341312,284.8953337288465,219
2949,2019-01-01 22:00:00,183.93686435998478,91.81646434029234,280.29550772971515,223
2950,2019-01-01 23:00:00,169.0748769274782,70.640520219009,263.1045017187248,162
2951,2019-01-02 00:00:00,148.968812867463,54.94031904138509,247.58412728781042,108
2952,2019-01-02 01:00:00,131.31541910968375,39.84373621851272,224.85797314663967,93
2953,2019-01-02 02:00:00,120.64120487778811,27.43775090667027,218.89592226266427,63
2954,2019-01-02 03:00:00,116.09626784596989,20.952996187223732,211.63694493557583,52
2955,2019-01-02 04:00:00,114.18692172005237,20.617174230788788,210.2824113295043,46
2956,2019-01-02 05:00:00,113.2521242916029,19.347716476637114,214.14425447580248,68
2957,2019-01-02 06:00:00,115.15980580706598,24.110657304150443,210.82882417011965,60
2958,2019-01-02 07:00:00,122.81124704284105,28.076104702494323,218.02840783630995,58
2959,2019-01-02 08:00:00,136.33265126791235,42.050577105163086,230.86261549860956,77
2960,2019-01-02 09:00:00,152.01517800775494,59.17428782597915,250.08696987016603,130
2961,2019-01-02 10:00:00,165.09499898637944,70.69731984409383,261.16207120101336,150
2962,2019-01-02 11:00:00,173.49106563199314,77.52960251946246,266.32891053297067,229
2963,2019-01-02 12:00:00,178.71469571357932,85.01621958322507,273.23467857313955,341
2964,2019-01-02 13:00:00,183.19459769988754,86.44219790060527,279.19551703024086,260
2965,2019-01-02 14:00:00,187.0388935404231,93.68068137999559,281.8718902128807,250
2966,2019-01-02 15:00:00,187.83588014498463,89.58921543680012,284.4772272597898,313
2967,2019-01-02 16:00:00,183.8295758445175,85.3273886433923,280.58690457307193,351
2968,2019-01-02 17:00:00,177.04775137157318,79.60033329294055,277.5750168589284,264
2969,2019-01-02 18:00:00,172.6709334605662,75.75947600031638,269.3940959671297,249
2970,2019-01-02 19:00:00,174.60518591478717,73.60157160816317,268.8655325996429,302
2971,2019-01-02 20:00:00,181.26870729710853,86.66446473174291,275.63036571446116,328
2972,2019-01-02 21:00:00,185.87822593846585,90.04783583157453,288.0429305359503,350
2973,2019-01-02 22:00:00,181.5145021526066,87.71765673310409,275.01606073374666,315
2974,2019-01-02 23:00:00,166.7128245591022,74.84549660502593,259.136578830372,245
2975,2019-01-03 00:00:00,146.6670868367169,51.14225181717721,244.60642231830425,175
2976,2019-01-03 01:00:00,129.07387906448838,35.290862501692004,224.19366937662247,118
2977,2019-01-03 02:00:00,118.45957471514882,25.256303177381362,216.87056111168113,87
2978,2019-01-03 03:00:00,113.97414259818697,19.716530835665235,212.1475041547424,58
2979,2019-01-03 04:00:00,112.12376034185368,12.876346927421238,213.41383730207778,75
2980,2019-01-03 05:00:00,111.24722874686995,16.30672011910668,210.02268567942085,63
2981,2019-01-03 06:00:00,113.2122871268555,20.433043058707323,210.07355841018537,53
2982,2019-01-03 07:00:00,120.91997928757783,21.607008913488016,218.8162264473482,88
2983,2019-01-03 08:00:00,134.49621458024973,36.09116894449992,227.83082098784323,105
2984,2019-01-03 09:00:00,150.2317921696157,55.78977175564106,248.10796453726655,188
2985,2019-01-03 10:00:00,163.3624491066591,69.89203771423507,259.0909304241709,220
2986,2019-01-03 11:00:00,171.80662176889604,75.47867537352522,270.28911889374217,253
2987,2019-01-03 12:00:00,177.07502839343778,79.55114601697962,280.25307592877556,282
2988,2019-01-03 13:00:00,181.5956914205354,80.34475904448573,278.15084512463756,301
2989,2019-01-03 14:00:00,185.4759604361499,89.38567560687869,282.06653629975614,293
2990,2019-01-03 15:00:00,186.30327605038565,88.28075742521722,281.30011517454386,300
2991,2019-01-03 16:00:00,182.32072101553476,91.64999581539045,279.0748374784884,301
2992,2019-01-03 17:00:00,175.555058112547,79.67558968990524,277.788373859102,293
2993,2019-01-03 18:00:00,171.18574285407396,73.1135911731406,267.3484786906871,253
2994,2019-01-03 19:00:00,173.11771576903578,77.81803232172429,270.9418861412329,285
2995,2019-01-03 20:00:00,179.7680133065112,82.16100769664523,275.8059221709999,296
2996,2019-01-03 21:00:00,184.35217790234407,84.45860726835068,284.6119093801896,332
2997,2019-01-03 22:00:00,179.94977691239714,86.7899876279159,281.9007448683326,298
2998,2019-01-03 23:00:00,165.09491710354598,75.08061273292887,264.6558078205412,244
2999,2019-01-04 00:00:00,144.9803407793561,48.73007706376395,243.04363043982568,169
3000,2019-01-04 01:00:00,127.30153745519405,29.013411319682795,223.28823520837395,124
3001,2019-01-04 02:00:00,116.58385183360917,19.53657709554371,214.25764922131086,89
3002,2019-01-04 03:00:00,111.97631710707455,17.732758439168848,211.81564684998636,80
3003,2019-01-04 04:00:00,109.98428985485342,14.066792191874235,211.8918236472519,55
3004,2019-01-04 05:00:00,108.945885545734,8.030849304910841,203.49473189653432,69
3005,2019-01-04 06:00:00,110.72831444057388,14.381334214640836,214.7924291125526,74
3006,2019-01-04 07:00:00,118.23226722693936,25.016765212615866,223.2162360358976,91
3007,2019-01-04 08:00:00,131.58349449954244,35.263639182246536,225.8517692230581,132
3008,2019-01-04 09:00:00,147.07284791465736,50.341446264257854,242.30717364054078,173
3009,2019-01-04 10:00:00,159.93634333067493,64.76426650234151,259.0178256395173,248
3010,2019-01-04 11:00:00,168.09293518941715,75.301233923041,274.2124265312192,259
3011,2019-01-04 12:00:00,173.05410963988322,81.15162276887393,271.21948171828046,256
3012,2019-01-04 13:00:00,177.24891487192033,81.64043535515815,275.8497515374303,269
3013,2019-01-04 14:00:00,180.78598925156595,85.23317039056256,286.91485227191754,270
3014,2019-01-04 15:00:00,181.25432742568213,82.99416847361549,279.1223493662019,292
3015,2019-01-04 16:00:00,176.89883056846855,76.5485787951537,274.5724255209654,264
3016,2019-01-04 17:00:00,169.74834019195046,72.46742522931285,273.65170761689996,256
3017,2019-01-04 18:00:00,164.98464351942698,66.78956067336752,265.12954369519355,221
3018,2019-01-04 19:00:00,166.51525515947608,68.74964078044783,265.53624954212955,231
3019,2019-01-04 20:00:00,172.76001414770644,77.20077515486486,271.28259196147883,246
3020,2019-01-04 21:00:00,176.93747695693077,78.02024805372298,275.4452225498499,266
3021,2019-01-04 22:00:00,172.13041628945592,72.16229457964491,267.58842956034556,256
3022,2019-01-04 23:00:00,156.87631248529183,56.9395080176047,260.22502640250576,233
3023,2019-01-05 00:00:00,136.3714238089619,44.94542085673807,237.40306462446898,169
3024,2019-01-05 01:00:00,118.31486975159092,20.524294920399583,223.79574030341732,157
3025,2019-01-05 02:00:00,107.23570835737705,12.914721677293448,213.8083668813811,77
3026,2019-01-05 03:00:00,102.28673689207875,1.1069844502047366,201.98786629936922,73
3027,2019-01-05 04:00:00,99.97709244085107,3.3442824398721176,202.37711091149217,65
3028,2019-01-05 05:00:00,98.648651791916,-3.124126771967809,195.96547155346911,55
3029,2019-01-05 06:00:00,100.17233076937313,1.864159472737129,199.11527523654794,67
3030,2019-01-05 07:00:00,107.4524327367676,12.657679293240662,205.19573964938377,67
3031,2019-01-05 08:00:00,120.61819077952995,23.910099114151194,220.35597461007615,79
3032,2019-01-05 09:00:00,135.96377181348885,33.68797651550026,237.63560519639972,190
3033,2019-01-05 10:00:00,148.72830332653157,51.80061375862045,246.92414608146382,194
3034,2019-01-05 11:00:00,156.83361245083103,57.094490061388605,252.54036628178653,211
3035,2019-01-05 12:00:00,161.79378524302766,64.11320811871893,258.7513514785039,229
3036,2019-01-05 13:00:00,166.04016505636787,66.55599947209957,267.4559332832084,225
3037,2019-01-05 14:00:00,169.68335097274374,73.76309651848182,275.10086667649705,261
3038,2019-01-05 15:00:00,170.31393682379633,72.86777070917456,270.09357883040286,259
3039,2019-01-05 16:00:00,166.17803730726862,64.91990049997366,271.8274515908887,286
3040,2019-01-05 17:00:00,159.30530093757483,60.87045922079003,255.03919009471306,275
3041,2019-01-05 18:00:00,154.87789809766838,57.39186947626734,249.39778894654773,275
3042,2019-01-05 19:00:00,156.80328917285914,62.83685299774272,257.1969495648319,288
3043,2019-01-05 20:00:00,163.5008120364837,70.56802453173896,262.6669139199722,273
3044,2019-01-05 21:00:00,168.1880696433545,71.12221928814661,268.1129607462669,297
3045,2019-01-05 22:00:00,163.94642766442834,62.69927998970667,265.0280403220044,292
3046,2019-01-05 23:00:00,149.31150905952168,47.32716947110015,251.09164264733153,201
3047,2019-01-06 00:00:00,129.47727188368296,35.95992709798688,228.85366188374206,192
3048,2019-01-06 01:00:00,112.14010442505167,13.4382118089755,217.10189666947937,125
3049,2019-01-06 02:00:00,101.82591862102345,5.128321127483021,202.96826799203086,97
3050,2019-01-06 03:00:00,97.6839709561824,-0.629754957335174,199.57227699591238,86
3051,2019-01-06 04:00:00,96.21948724231329,-3.6144234373946458,195.12847646919585,82
3052,2019-01-06 05:00:00,95.7700904529757,-9.014159967751883,200.59699705432823,68
3053,2019-01-06 06:00:00,98.20213150895235,-2.0180533380445325,199.8899431912176,59
3054,2019-01-06 07:00:00,106.41507244651291,11.256689581593026,208.51635218046422,77
3055,2019-01-06 08:00:00,120.5330661541385,17.46530939117679,228.50658661321458,101
3056,2019-01-06 09:00:00,136.84500056157063,37.84753165022782,240.52717752580912,150
3057,2019-01-06 10:00:00,150.58456759420616,48.32316040126268,251.9154392352406,161
3058,2019-01-06 11:00:00,159.6680461841304,59.77531188981721,263.21065256391506,205
3059,2019-01-06 12:00:00,165.60390677487993,62.52559990229896,265.8101432348726,235
3060,2019-01-06 13:00:00,170.81785575709029,72.28428378208433,273.7245797968276,280
3061,2019-01-06 14:00:00,175.41488033992368,72.80552902177088,282.58237037951903,322
3062,2019-01-06 15:00:00,176.98003392748203,77.82259472878359,281.23516216867995,315
3063,2019-01-06 16:00:00,173.75400803766354,77.16708112926077,273.9919777447719,338
3064,2019-01-06 17:00:00,167.76119004301256,68.35273710726437,268.56031377230505,314
3065,2019-01-06 18:00:00,164.17869455243846,64.31572676944288,268.060110486559,317
3066,2019-01-06 19:00:00,166.9091729828911,62.06856004850954,271.62382444960804,389
3067,2019-01-06 20:00:00,174.36744017240844,71.8699244945475,276.72375098888176,303
3068,2019-01-06 21:00:00,179.76689840807853,81.70609531127131,276.4566321518041,352
3069,2019-01-06 22:00:00,176.18506843681286,67.91269219866308,273.6297805418402,299
3070,2019-01-06 23:00:00,162.15411403860892,62.08703183173196,260.60324157338044,268
3071,2019-01-07 00:00:00,142.8649461577744,43.92705734229153,245.97624869824224,205
3072,2019-01-07 01:00:00,126.01134045352995,27.1740649753141,230.06102992298207,127
3073,2019-01-07 02:00:00,116.1170490030952,19.684601569322353,218.17494133875744,110
3074,2019-01-07 03:00:00,112.32963519292443,12.961561414695193,212.24625384868153,72
3075,2019-01-07 04:00:00,111.15310810462782,12.31554187793904,215.93756942980355,67
3076,2019-01-07 05:00:00,110.92435547758899,8.816730257815571,212.94787311635577,53
3077,2019-01-07 06:00:00,113.50947514049642,12.169847158969125,217.7087510606928,92
3078,2019-01-07 07:00:00,121.80815436866668,19.2533373739516,222.54170304253665,88
3079,2019-01-07 08:00:00,135.9452414305984,34.35057576318151,232.0722657694562,121
3080,2019-01-07 09:00:00,152.2107773235863,57.685328739086025,253.89477652956708,149
3081,2019-01-07 10:00:00,165.84004820098875,69.58274157105728,266.8811868946556,190
3082,2019-01-07 11:00:00,174.75134797002588,74.79284420722381,273.8483791674995,258
3083,2019-01-07 12:00:00,180.45555875562283,79.21903693700071,284.06660615994986,263
3084,2019-01-07 13:00:00,185.38116796767076,83.56643521724249,284.64825765519817,281
3085,2019-01-07 14:00:00,189.63628278334983,88.365850141846,288.84097264218207,312
3086,2019-01-07 15:00:00,190.80938247090796,89.00630485510581,296.19198899526305,286
3087,2019-01-07 16:00:00,187.1448549695547,87.05514275639761,288.9945961228122,290
3088,2019-01-07 17:00:00,180.6710173989417,78.22524173484486,285.33445444582594,352
3089,2019-01-07 18:00:00,176.56910873499538,74.48522692691056,276.1065123424296,276
3090,2019-01-07 19:00:00,178.74605962056307,76.61717814561713,283.04764619598376,350
3091,2019-01-07 20:00:00,185.62107859452743,84.43610353803273,283.1212484454001,359
3092,2019-01-07 21:00:00,190.41203554667294,90.24821485420618,297.0603156583619,376
3093,2019-01-07 22:00:00,186.20095239088715,86.10885275867842,291.90393504620585,366
3094,2019-01-07 23:00:00,171.52448795663526,69.8108589829177,276.35381056361865,286
3095,2019-01-08 00:00:00,151.5780034980416,45.728676939880266,254.97512271329995,184
3096,2019-01-08 01:00:00,134.0596430731017,32.44532824905796,232.93298245751254,108
3097,2019-01-08 02:00:00,123.4974098863736,19.650697946387222,226.21880894697748,99
3098,2019-01-08 03:00:00,119.04296797145412,18.590622352437805,229.15331926170603,102
3099,2019-01-08 04:00:00,117.20424582784901,17.369553167423753,226.98318629917844,101
3100,2019-01-08 05:00:00,116.3218413688084,13.269022077688797,221.78078365869203,60
3101,2019-01-08 06:00:00,118.26532831046168,18.219474148708326,221.182214794289,74
3102,2019-01-08 07:00:00,125.93761365926201,23.854923832606616,229.65223690219648,95
3103,2019-01-08 08:00:00,139.46649071973567,40.09466549030219,246.98268061829177,118
3104,2019-01-08 09:00:00,155.14465574786445,51.366581716578494,260.6895181314647,183
3105,2019-01-08 10:00:00,168.20974880754318,64.73823484817419,278.02197678640397,221
3106,2019-01-08 11:00:00,176.5821083632062,75.43621035648759,281.65904282661387,242
3107,2019-01-08 12:00:00,181.77434728679918,77.6303928914245,283.56882799517103,266
3108,2019-01-08 13:00:00,186.21636895195826,82.50856349415803,288.59930116637776,284
3109,2019-01-08 14:00:00,190.01738414729522,85.89656843130862,288.63988483454904,338
3110,2019-01-08 15:00:00,190.76666909531662,87.5691573651756,291.53141375165933,303
3111,2019-01-08 16:00:00,186.70911082655272,82.2667897711016,287.71232671768394,300
3112,2019-01-08 17:00:00,179.873239373214,74.11417317499819,282.43846612049566,256
3113,2019-01-08 18:00:00,175.44023478884196,74.47429183418235,278.81706485005117,227
3114,2019-01-08 19:00:00,177.3167136974932,78.76775073087778,280.1363459333945,297
3115,2019-01-08 20:00:00,183.92133437227517,81.9468981004274,292.02760311171556,352
3116,2019-01-08 21:00:00,188.47120084210422,87.0329158212105,294.78084171456885,406
3117,2019-01-08 22:00:00,184.0473756982715,73.28643767034711,289.1708516448961,339
3118,2019-01-08 23:00:00,169.18538826516976,66.04610804273081,272.3244712205096,277
3119,2019-01-09 00:00:00,149.0793242051417,40.364700763304555,255.41652765155578,196
3120,2019-01-09 01:00:00,131.42593044741324,29.645987907240446,239.73201468079768,134
3121,2019-01-09 02:00:00,120.75171621553916,14.480435661461188,222.89416236948543,92
3122,2019-01-09 03:00:00,116.20677918361497,12.043031108794326,220.41225838137936,66
3123,2019-01-09 04:00:00,114.29743305767798,12.929353463477067,216.5852677973394,72
3124,2019-01-09 05:00:00,113.3626356294613,9.916202018240456,223.48582153314837,74
3125,2019-01-09 06:00:00,115.27031714489117,7.639249008847132,220.44454896690664,92
3126,2019-01-09 07:00:00,122.92175838064955,20.74978003673339,227.89723527721935,111
3127,2019-01-09 08:00:00,136.44316260572955,34.960242239775404,235.97764105215424,138
3128,2019-01-09 09:00:00,152.12568934573633,50.43542821441298,259.6652478865409,186
3129,2019-01-09 10:00:00,165.20551032419553,64.57729007328871,271.94969027117446,222
3130,2019-01-09 11:00:00,173.60157696990083,72.60985561865576,276.32583778536315,226
3131,2019-01-09 12:00:00,178.8252070514874,76.43704515194777,280.32232239198896,285
3132,2019-01-09 13:00:00,183.30510903776457,74.16272110364396,293.5632076902779,327
3133,2019-01-09 14:00:00,187.14940487824114,84.27614789890879,293.7365987260352,323
3134,2019-01-09 15:00:00,187.94639148274564,83.61917891793374,296.0285972171634,300
3135,2019-01-09 16:00:00,183.94008718225376,79.60140052728576,292.74805807676614,292
3136,2019-01-09 17:00:00,177.15826270947952,78.16385042684463,285.77757220936525,256
3137,2019-01-09 18:00:00,172.78144479839975,70.95612592746787,276.22178706699765,257
3138,2019-01-09 19:00:00,174.71569725268682,69.91187324057972,279.1107786287658,264
3139,2019-01-09 20:00:00,181.37921863501882,82.71769989300185,283.8996386900576,302
3140,2019-01-09 21:00:00,185.98873727632372,81.14808088712684,287.082005440101,286
3141,2019-01-09 22:00:00,181.62501349037342,79.11952311691152,283.859852700768,302
3142,2019-01-09 23:00:00,166.82333589789062,59.34892404786547,270.8043934984235,251
3143,2019-01-10 00:00:00,146.77759817465812,41.098040117643635,251.15086769926236,176
3144,2019-01-10 01:00:00,129.18439040236208,23.14666699582162,234.3495997135691,139
3145,2019-01-10 02:00:00,118.57008605295678,15.209104742504016,224.39180396588722,86
3146,2019-01-10 03:00:00,114.08465393636078,14.638131238063645,213.32735504043043,79
3147,2019-01-10 04:00:00,112.23427167973196,6.754419007313943,214.10175993292464,51
3148,2019-01-10 05:00:00,111.3577400847301,9.638588175942159,219.4141375558226,61
3149,2019-01-10 06:00:00,113.32279846474887,7.465439304589188,218.3209008544867,66
3150,2019-01-10 07:00:00,121.03049062483521,15.36029902350078,228.90203818835118,100
3151,2019-01-10 08:00:00,134.606725918069,24.602545800065595,239.4033974464095,130
3152,2019-01-10 09:00:00,150.34230350746273,50.96618324539116,256.80029529582043,188
3153,2019-01-10 10:00:00,163.4729604445395,62.90517546964151,272.59288323932975,235
3154,2019-01-10 11:00:00,171.91713310679702,71.77527674733737,279.0350888167115,267
3155,2019-01-10 12:00:00,177.1855397313409,71.27380981748824,285.0175819127429,303
3156,2019-01-10 13:00:00,181.70620275827284,76.42046182889717,288.8905066049601,271
3157,2019-01-10 14:00:00,185.58647177402926,81.78993919049448,296.9802677511064,286
3158,2019-01-10 15:00:00,186.41378738814575,78.66329007735621,296.4316103417261,286
3159,2019-01-10 16:00:00,182.43123235327002,77.72456000081834,293.2958719100555,276
3160,2019-01-10 17:00:00,175.66556945031041,73.2167923643193,280.9265679942989,263
3161,2019-01-10 18:00:00,171.2962541919063,65.87636054794821,275.63097482572374,261
3162,2019-01-10 19:00:00,173.2282271069341,72.03236537114782,285.42547549144126,288
3163,2019-01-10 20:00:00,179.87852464416963,70.74202229970028,287.2479845104956,285
3164,2019-01-10 21:00:00,184.46268924006813,83.52743615363424,298.93645440726,358
3165,2019-01-10 22:00:00,180.06028825017262,75.25696802966614,286.1276900930617,282
3166,2019-01-10 23:00:00,165.20542844123847,60.214524017138785,270.71623331992316,235
3167,2019-01-11 00:00:00,145.09085211703515,47.16157518049137,253.35136945360904,173
3168,2019-01-11 01:00:00,127.41204879292329,23.459845214667418,234.89983992635229,110
3169,2019-01-11 02:00:00,116.69436317135484,12.123634341008003,221.32364348041412,84
3170,2019-01-11 03:00:00,112.0868284447136,0.41513269903891215,223.61712688412126,74
3171,2019-01-11 04:00:00,110.09480119247237,6.239987858913947,211.25018597913277,53
3172,2019-01-11 05:00:00,109.05639688359126,4.338224249853524,210.7415303520079,74
3173,2019-01-11 06:00:00,110.83882577839782,1.7955728283877899,218.1653291802905,82
3174,2019-01-11 07:00:00,118.34277856474645,16.091221014409896,227.53201474786582,95
3175,2019-01-11 08:00:00,131.69400583633825,25.245311319865735,234.14820727014103,140
3176,2019-01-11 09:00:00,147.18335925252003,37.10679932136003,252.89123856237953,164
3177,2019-01-11 10:00:00,160.0468546684995,55.175393461967246,268.1300027025014,220
3178,2019-01-11 11:00:00,168.20344652731194,65.37505379281876,273.2792795504319,242
3179,2019-01-11 12:00:00,173.1646209777344,71.87618340934327,283.7352548649331,242
3180,2019-01-11 13:00:00,177.35942620978608,74.29751675290444,286.7694458185697,289
3181,2019-01-11 14:00:00,180.89650058937576,69.44130115495817,287.60488692113216,278
3182,2019-01-11 15:00:00,181.36483876343448,78.1901040047934,290.43573721969705,252
3183,2019-01-11 16:00:00,177.00934190619577,71.43639072001957,284.87166948241526,238
3184,2019-01-11 17:00:00,169.85885152984423,66.94205938792072,283.4212963827309,214
3185,2019-01-11 18:00:00,165.09515485719027,69.06610814357467,275.8970730724761,228
3186,2019-01-11 19:00:00,166.62576649736667,63.68854775898132,270.7479648600686,221
3187,2019-01-11 20:00:00,172.8705254856362,71.45843720172735,284.09979130136514,227
3188,2019-01-11 21:00:00,177.04798829480768,75.20069792667648,291.34590083835855,265
3189,2019-01-11 22:00:00,172.2409276272413,67.91345352923803,277.46927306978813,243
3190,2019-01-11 23:00:00,156.98682382320692,48.61653528996696,260.6245634940693,199
3191,2019-01-12 00:00:00,136.48193514689723,29.06788278910876,244.3098743426633,166
3192,2019-01-12 01:00:00,118.4253810894597,12.497365451989918,225.285175053941,134
3193,2019-01-12 02:00:00,107.34621969518184,4.167265793669782,214.82384337581033,92
3194,2019-01-12 03:00:00,102.39724822994148,-3.8399267747731485,209.70396398230454,56
3195,2019-01-12 04:00:00,100.08760377872676,-6.3457313190587055,209.9274339687958,56
3196,2019-01-12 05:00:00,98.75916312978842,-10.163641634828052,203.92294347457732,62
3197,2019-01-12 06:00:00,100.28284210727827,-4.969654752753879,206.85749313958303,60
3198,2019-01-12 07:00:00,107.56294407481973,-1.5703854991336965,215.39627844437635,88
3199,2019-01-12 08:00:00,120.72870211733661,11.51366344981759,230.25119230613126,108
3200,2019-01-12 09:00:00,136.07428315132387,34.57047685990338,242.58963573004417,153
3201,2019-01-12 10:00:00,148.83881466440056,42.476131631355784,259.9637580408423,192
3202,2019-01-12 11:00:00,156.94412378872488,51.26278402879496,263.3384433434925,211
3203,2019-01-12 12:00:00,161.90429658092347,54.7991349643118,271.7086505540088,237
3204,2019-01-12 13:00:00,166.1506763942343,61.53087382706525,277.1096459496132,238
3205,2019-01-12 14:00:00,169.79386231062705,65.98172684313448,279.68903494089534,230
3206,2019-01-12 15:00:00,170.42444816155643,67.71934905979667,283.6436117347085,311
3207,2019-01-12 16:00:00,166.28854864500408,61.8058735613743,275.59107797368466,269
3208,2019-01-12 17:00:00,159.41581227560076,56.92936214356849,267.4318633696654,247
3209,2019-01-12 18:00:00,154.9884094355039,47.994730924083115,265.4158364913183,260
3210,2019-01-12 19:00:00,156.91380051075924,56.897614315675824,266.01354094452034,268
3211,2019-01-12 20:00:00,163.61132337414492,54.64024963244015,273.4633511402905,268
3212,2019-01-12 21:00:00,168.29858098108141,63.94535240410293,275.01255110037727,307
3213,2019-01-12 22:00:00,164.0569390022634,58.173125205154214,271.97758601674985,303
3214,2019-01-12 23:00:00,149.42202039722042,42.0908937445886,260.5231972370299,245
3215,2019-01-13 00:00:00,129.58778322227712,23.22125505192398,239.84909547016147,193
3216,2019-01-13 01:00:00,112.2506157627904,4.143240262648327,219.29734342840453,141
3217,2019-01-13 02:00:00,101.93642995884083,-5.791034072509588,208.81940371849907,88
3218,2019-01-13 03:00:00,97.79448229383217,-10.792698569357732,206.71622649870537,68
3219,2019-01-13 04:00:00,96.32999858018104,-9.568578883091856,202.32084198309266,76
3220,2019-01-13 05:00:00,95.88060179082248,-15.475228498125862,206.25259778737453,79
3221,2019-01-13 06:00:00,98.3126428467651,-10.172529306842332,207.55775526460667,83
3222,2019-01-13 07:00:00,106.52558378430814,0.5974449167474185,210.03573280646884,93
3223,2019-01-13 08:00:00,120.64357749196273,16.176386150645385,226.57063612884065,110
3224,2019-01-13 09:00:00,136.95551189942327,30.494274285019223,246.53210046742697,165
3225,2019-01-13 10:00:00,150.69507893202652,43.45616509713357,255.06343950052218,189
3226,2019-01-13 11:00:00,159.77855752181145,54.68920657819949,265.32799761229944,230
3227,2019-01-13 12:00:00,165.71441811279902,61.44984338012048,275.5145766952205,249
3228,2019-01-13 13:00:00,170.92836709497976,66.32178310888548,277.6472151816931,261
3229,2019-01-13 14:00:00,175.5253916777298,67.9337774678972,283.2469463586064,300
3230,2019-01-13 15:00:00,177.09054526523022,66.80066891481742,287.45895743673645,326
3231,2019-01-13 16:00:00,173.86451937538604,68.33108210348794,285.2006833867215,264
3232,2019-01-13 17:00:00,167.8717013809251,57.56770562446039,278.3780332332234,362
3233,2019-01-13 18:00:00,164.28920589022064,58.40369108332535,277.5766056326192,324
3234,2019-01-13 19:00:00,167.0196843208053,57.38159870089485,279.2804296610313,370
3235,2019-01-13 20:00:00,174.47795151033267,65.18809717470324,282.8384421301043,368
3236,2019-01-13 21:00:00,179.87740974595067,70.39710582400598,287.1399564680229,369
3237,2019-01-13 22:00:00,176.29557977459416,73.58630401025091,287.3203638117778,334
3238,2019-01-13 23:00:00,162.26462537653748,53.146684624373016,274.107098013577,233
3239,2019-01-14 00:00:00,142.9754574957229,37.983351247506114,252.56597708741887,182
3240,2019-01-14 01:00:00,126.12185179141173,20.257334535567118,233.91830400689346,135
3241,2019-01-14 02:00:00,116.22756034088918,9.317375667400952,227.86661785453072,94
3242,2019-01-14 03:00:00,112.44014653077576,0.3725942869673896,217.34456534659887,81
3243,2019-01-14 04:00:00,111.26361944249165,2.999806265633907,219.56132234214647,72
3244,2019-01-14 05:00:00,111.03486681552882,6.032540599958755,223.95651089101167,83
3245,2019-01-14 06:00:00,113.61998647833072,9.42533672957278,227.6555863314303,75
3246,2019-01-14 07:00:00,121.91866570671,12.462989302869392,229.74225893771046,89
3247,2019-01-14 08:00:00,136.0557527684235,26.219015104788905,248.50127488986516,106
3248,2019-01-14 09:00:00,152.3212886604674,50.37750258602461,266.08643623925025,166
3249,2019-01-14 10:00:00,165.9505595388737,54.761228423970564,272.2123790280601,222
3250,2019-01-14 11:00:00,174.86185930793874,66.95696111058369,282.6084689125708,266
3251,2019-01-14 12:00:00,180.56607009353672,75.90035939513464,287.8823051399236,269
3252,2019-01-14 13:00:00,185.49167930536703,79.87290744641341,296.43273280064733,309
3253,2019-01-14 14:00:00,189.74679412122435,80.35318271949231,304.08028382988846,311
3254,2019-01-14 15:00:00,190.91989380889,82.9457679145733,301.8931394680883,287
3255,2019-01-14 16:00:00,187.2553663072823,84.44220888385213,298.86411451738786,290
3256,2019-01-14 17:00:00,180.7815287367066,74.82126876752363,293.0074533903748,264
3257,2019-01-14 18:00:00,176.67962007282844,71.13729321244372,290.50421850499765,247
3258,2019-01-14 19:00:00,178.85657095846142,68.9218509114208,292.27682292786756,296
3259,2019-01-14 20:00:00,185.73158993219002,79.82368990011568,298.3924020579194,332
3260,2019-01-14 21:00:00,190.52254688440073,87.85227846809407,304.78494213601164,330
3261,2019-01-14 22:00:00,186.3114637287227,74.39914013898073,299.9877511800898,285
3262,2019-01-14 23:00:00,171.63499929432427,65.89069934574381,279.477633029236,208
3263,2019-01-15 00:00:00,151.68851483571882,41.81427181004956,264.2859728212884,181
3264,2019-01-15 01:00:00,134.17015441083075,22.90737672896944,241.50093605170673,134
3265,2019-01-15 02:00:00,123.60792122418738,19.874985599267013,235.02731599321206,82
3266,2019-01-15 03:00:00,119.15347930910394,6.9654949854357335,233.38854091130162,48
3267,2019-01-15 04:00:00,117.31475716547794,5.268994743276181,231.46785146878273,65
3268,2019-01-15 05:00:00,116.43235270666639,10.421041640006651,227.59186641916457,62
3269,2019-01-15 06:00:00,118.37583964828619,6.294515194806437,226.79286365980414,88
3270,2019-01-15 07:00:00,126.04812499706944,19.38872785381721,241.46557069081797,72
3271,2019-01-15 08:00:00,139.57700205755145,31.63655846276761,250.8229904950586,125
3272,2019-01-15 09:00:00,155.25516708570842,46.11240352596918,272.52109466161306,155
3273,2019-01-15 10:00:00,168.32026014542097,57.57785664896798,278.6865185121661,223
3274,2019-01-15 11:00:00,176.69261970088985,64.63197491242025,288.66829395909724,260
3275,2019-01-15 12:00:00,181.88485862471148,72.90776536011941,293.16413256466086,261
3276,2019-01-15 13:00:00,186.32688028984143,79.08299265871484,302.7057799842912,305
3277,2019-01-15 14:00:00,190.1278954849168,79.78005229319267,307.41066972435175,275
3278,2019-01-15 15:00:00,190.877180433078,87.59534956724514,299.5298015261563,276
3279,2019-01-15 16:00:00,186.81962216428914,73.85240535392562,299.8390304322345,247
3280,2019-01-15 17:00:00,179.98375071110664,72.14071006359626,292.0608932457409,236
3281,2019-01-15 18:00:00,175.55074612673891,62.07929461698044,287.61302940007045,260
3282,2019-01-15 19:00:00,177.42722503515643,67.17352741025617,289.252891508813,264
3283,2019-01-15 20:00:00,184.0318457101838,71.43863506424458,295.92091500193453,277
3284,2019-01-15 21:00:00,188.58171217996056,79.79400017880968,304.32233751643383,335
3285,2019-01-15 22:00:00,184.1578870360481,78.23453777637265,295.8688009105478,307
3286,2019-01-15 23:00:00,169.2958996028786,58.994083749780614,288.2368152414789,217
3287,2019-01-16 00:00:00,149.1898355430879,37.87433569881234,267.893495394234,159
3288,2019-01-16 01:00:00,131.53644178599487,13.399554076516818,245.8288818197501,106
3289,2019-01-16 02:00:00,120.86222755335203,14.969524801673789,231.9038957822631,90
3290,2019-01-16 03:00:00,116.31729052148529,4.159260467992105,227.82020160031493,65
3291,2019-01-16 04:00:00,114.40794439556078,2.4048902178463676,229.72635273535536,65
3292,2019-01-16 05:00:00,113.47314696731972,4.655039742535797,228.13039095872247,61
3293,2019-01-16 06:00:00,115.3808284827164,5.022385166680245,228.08384207962297,76
3294,2019-01-16 07:00:00,123.03226971845807,6.892839424340341,234.75653101457806,82
3295,2019-01-16 08:00:00,136.55367394380502,32.10864162095457,249.84769164668464,112
3296,2019-01-16 09:00:00,152.23620068358574,41.01004409825446,267.2630283998711,153
3297,2019-01-16 10:00:00,165.3160216620783,56.14140911852614,274.37320468516344,197
3298,2019-01-16 11:00:00,173.71208830780233,61.88716605166256,282.6472441494,235
3299,2019-01-16 12:00:00,178.93571838939064,67.38596527906614,291.68879042738547,233
3300,2019-01-16 13:00:00,183.41562037563818,70.02350450983009,294.6532178359801,269
3301,2019-01-16 14:00:00,187.25991621611985,78.59379357213538,298.974738009023,279
3302,2019-01-16 15:00:00,188.056902820731,78.68289904492852,303.0375453001389,299
3303,2019-01-16 16:00:00,184.05059852024664,75.5261478387721,298.27082589938226,265
3304,2019-01-16 17:00:00,177.2687740472408,70.18338172492118,288.3713572095308,219
3305,2019-01-16 18:00:00,172.89195613622945,59.42128550438737,284.64976666397973,230
3306,2019-01-16 19:00:00,174.8262085905821,64.5321671058844,292.93716686309693,278
3307,2019-01-16 20:00:00,181.48972997292924,67.82450937132654,295.4095150381488,265
3308,2019-01-16 21:00:00,186.09924861405318,73.5253023821579,304.6108357723622,289
3309,2019-01-16 22:00:00,181.7355248282114,67.76425344577032,296.4390489121748,275
3310,2019-01-16 23:00:00,166.93384723558933,59.08879395022011,282.4685277775008,205
3311,2019-01-17 00:00:00,146.88810951234402,32.81491674993527,265.57507906543555,164
3312,2019-01-17 01:00:00,129.2949017400987,19.564123776050515,239.86883639321317,99
3313,2019-01-17 02:00:00,118.68059739077101,11.985616245010709,235.48741634849353,84
3314,2019-01-17 03:00:00,114.19516527423261,1.9359025141323987,228.7777314388983,71
3315,2019-01-17 04:00:00,112.34478301736586,4.999565406221258,228.29044591797143,59
3316,2019-01-17 05:00:00,111.46825142245166,-0.32235983308540983,226.3392312244803,64
3317,2019-01-17 06:00:00,113.43330980226958,2.7134036306038314,225.85743128489426,74
3318,2019-01-17 07:00:00,121.14100196263887,10.442371587415124,232.45801448768617,93
3319,2019-01-17 08:00:00,134.71723725588205,22.204585523596947,244.13396618187483,126
3320,2019-01-17 09:00:00,150.45281484530435,34.884595994302686,260.0174810122759,146
3321,2019-01-17 10:00:00,163.5834717818575,58.81659468526595,274.7189409430537,218
3322,2019-01-17 11:00:00,172.02764444448053,61.02174709233121,282.90610339675925,246
3323,2019-01-17 12:00:00,177.2960510689925,60.630289727308636,289.4508440953901,248
3324,2019-01-17 13:00:00,181.81671409614788,67.64420319664303,295.74490717566346,274
3325,2019-01-17 14:00:00,185.696983111848,75.29805250595297,292.34191439388013,280
3326,2019-01-17 15:00:00,186.52429872590668,75.81494807502736,302.184292217329,243
3327,2019-01-17 16:00:00,182.54174369100534,68.69816553938973,298.4791472520075,249
3328,2019-01-17 17:00:00,175.77608078821518,61.73726400665095,289.56137225843594,235
3329,2019-01-17 18:00:00,171.40676552968023,59.58237263280463,282.53526792711057,182
3330,2019-01-17 19:00:00,173.33873844460982,60.658798396157806,287.2950019448423,257
3331,2019-01-17 20:00:00,179.98903598208335,66.76521939987327,295.28912543123664,246
3332,2019-01-17 21:00:00,184.57320057792973,70.70017635974465,301.39740400694734,280
3333,2019-01-17 22:00:00,180.17079958794332,71.45019219827202,296.1977326993116,265
3334,2019-01-17 23:00:00,165.31593977893536,53.40615138110455,281.64179651957295,199
3335,2019-01-18 00:00:00,145.2013634547191,29.31725538965871,258.90460936899564,135
3336,2019-01-18 01:00:00,127.52256013079109,16.817549313954096,250.54956159351332,111
3337,2019-01-18 02:00:00,116.80487450916111,3.6583479105900003,226.1835563471131,85
3338,2019-01-18 03:00:00,112.19733978257705,1.5857859367401577,226.78270359367656,68
3339,2019-01-18 04:00:00,110.20531253034801,1.8873380169172234,223.92667464651635,48
3340,2019-01-18 05:00:00,109.16690822145803,-4.078179941871798,224.8814149285426,62
3341,2019-01-18 06:00:00,110.94933711623221,-2.9918965435700957,230.82034968509586,61
3342,2019-01-18 07:00:00,118.45328990256499,2.4164772609727647,232.12143333199057,85
3343,2019-01-18 08:00:00,131.80451717439828,23.250915558048195,248.71052411841416,122
3344,2019-01-18 09:00:00,147.29387059048997,33.1004769972354,269.53172219164975,166
3345,2019-01-18 10:00:00,160.1573660063758,48.21529046558238,275.2024760572424,191
3346,2019-01-18 11:00:00,168.31395786504288,57.70340463492049,285.98085489541376,214
3347,2019-01-18 12:00:00,173.27513231563535,58.59587746228517,284.39987626586975,219
3348,2019-01-18 13:00:00,177.46993754765637,68.22403952652986,292.88904694637586,216
3349,2019-01-18 14:00:00,181.0070119272462,65.79766307668446,295.7469750802261,236
3350,2019-01-18 15:00:00,181.4753501013719,68.37304706678015,295.1223661304539,266
3351,2019-01-18 16:00:00,177.1198532442034,61.87772808584039,292.8911535459476,225
3352,2019-01-18 17:00:00,169.96936286762346,56.420772056162164,285.5220945144712,196
3353,2019-01-18 18:00:00,165.20566619503853,53.630546008632486,277.44731485590216,214
3354,2019-01-18 19:00:00,166.73627783518572,50.87485509882884,280.47424447191054,194
3355,2019-01-18 20:00:00,172.98103682354136,56.94528203824226,290.41777990978363,205
3356,2019-01-18 21:00:00,177.15849963252276,67.89272874626619,292.4294188178617,235
3357,2019-01-18 22:00:00,172.35143896506557,60.24888188372821,285.7595660094828,229
3358,2019-01-18 23:00:00,157.09733516089364,35.93549545061211,277.9047394369833,184
3359,2019-01-19 00:00:00,136.59244648457062,20.91706054486498,247.69664528730493,152
3360,2019-01-19 01:00:00,118.5358924271834,13.937671811248736,241.13356543627629,99
3361,2019-01-19 02:00:00,107.45673103300558,-8.755917044072406,220.01839008677436,92
3362,2019-01-19 03:00:00,102.50775956782196,-7.206403627172425,219.71651440055732,56
3363,2019-01-19 04:00:00,100.19811511661902,-10.670535773217042,211.60866480848503,53
3364,2019-01-19 05:00:00,98.86967446750168,-13.445776483908343,218.24860623020948,38
3365,2019-01-19 06:00:00,100.39335344509202,-7.095939654382794,212.3238282122697,61
3366,2019-01-19 07:00:00,107.67345541261717,-3.0501106225685533,222.07124825995837,69
3367,2019-01-19 08:00:00,120.83921345514932,9.355604702699111,242.3583512178975,110
3368,2019-01-19 09:00:00,136.18479448916503,24.375639004113363,253.03553402148356,166
3369,2019-01-19 10:00:00,148.94932600227582,30.328830441109076,267.2659407400232,182
3370,2019-01-19 11:00:00,157.05463512640694,39.91100880431766,277.5899628223823,202
3371,2019-01-19 12:00:00,162.0148079185749,51.255344919809005,280.56377263018624,206
3372,2019-01-19 13:00:00,166.261187731974,56.01940324460707,284.34089876550894,233
3373,2019-01-19 14:00:00,169.9043736484475,58.063120134561544,284.61019396955106,211
3374,2019-01-19 15:00:00,170.53495949931866,57.33167801477424,281.25363320667657,220
3375,2019-01-19 16:00:00,166.39905998274048,49.50310573649095,280.0757123568612,224
3376,2019-01-19 17:00:00,159.52632361336018,45.61921889577265,274.1842181877311,252
3377,2019-01-19 18:00:00,155.0989207732764,43.82101028508839,271.8142487729369,216
3378,2019-01-19 19:00:00,157.02431184843428,47.86156877639463,275.05476273108565,219
3379,2019-01-19 20:00:00,163.72183471185545,49.927919221381856,281.207184378414,230
3380,2019-01-19 21:00:00,168.40909231894258,54.91846190081194,283.1962478843138,235
3381,2019-01-19 22:00:00,164.1674503400348,48.254270273410896,281.3721148614804,219
3382,2019-01-19 23:00:00,149.53253173491993,36.361944533527506,267.4611417922927,169
3383,2019-01-20 00:00:00,129.69829455995597,17.23216451222833,246.4311761152299,150
3384,2019-01-20 01:00:00,112.3611271006566,-0.593185118053176,229.04275650195862,109
3385,2019-01-20 02:00:00,102.04694129658337,-11.745135291194622,225.69379928595535,92
3386,2019-01-20 03:00:00,97.904993631693,-20.074794763396046,214.29073968739658,74
3387,2019-01-20 04:00:00,96.4405099180683,-13.539156547305618,217.56569586643047,46
3388,2019-01-20 05:00:00,95.99111312868922,-20.804008810706712,213.29901286498375,58
3389,2019-01-20 06:00:00,98.42315418459984,-17.324651086414892,217.2755969418656,62
3390,2019-01-20 07:00:00,106.63609512132635,-5.884163997289506,228.21817774888416,56
3391,2019-01-20 08:00:00,120.7540888300436,4.996513004244732,240.06206703026578,108
3392,2019-01-20 09:00:00,137.06602323741447,21.763189484567977,253.5149326729469,146
3393,2019-01-20 10:00:00,150.80559026991872,30.036265699742202,264.6912255286183,192
3394,2019-01-20 11:00:00,159.88906885970383,44.86469130110362,278.1979535732258,213
3395,2019-01-20 12:00:00,165.82492945069217,50.100898210661896,284.69857374055175,227
3396,2019-01-20 13:00:00,171.0388784328423,57.5391753695136,290.62616155545174,255
3397,2019-01-20 14:00:00,175.63590301561186,63.25062538061285,299.3809976634781,281
3398,2019-01-20 15:00:00,177.20105660321892,66.67815659994328,297.2637347468355,255
3399,2019-01-20 16:00:00,173.9750307133823,55.11207794029528,289.05215733676795,305
3400,2019-01-20 17:00:00,167.982212718699,58.070881368953806,283.7037979852828,312
3401,2019-01-20 18:00:00,164.3997172280635,48.3147468889226,278.3393733817073,273
3402,2019-01-20 19:00:00,167.13019565871414,53.393802514361454,285.26254054862227,372
3403,2019-01-20 20:00:00,174.58846284826186,65.20624126894721,296.4518287179895,320
3404,2019-01-20 21:00:00,179.9879210838273,66.04096178762923,298.28965956830086,340
3405,2019-01-20 22:00:00,176.40609111243612,57.01398510585621,301.2113038718389,311
3406,2019-01-20 23:00:00,162.37513671421723,43.571277127021396,288.0345337806101,216
3407,2019-01-21 00:00:00,143.08596883338936,24.42478003448523,261.002837911447,137
3408,2019-01-21 01:00:00,126.23236312912847,6.418105260631494,244.3506855289157,124
3409,2019-01-21 02:00:00,116.33807167871353,4.027751484053852,239.54980792900648,82
3410,2019-01-21 03:00:00,112.550657868657,-7.559986308825443,232.4385183359366,60
3411,2019-01-21 04:00:00,111.37413078038469,0.5386010157521209,230.88753442186956,50
3412,2019-01-21 05:00:00,111.14537815325949,1.226592211491728,230.38586741844713,53
3413,2019-01-21 06:00:00,113.73049781622822,-0.16876879466154113,235.61293024437742,67
3414,2019-01-21 07:00:00,122.02917704452894,9.550737865587358,242.92779135051754,82
3415,2019-01-21 08:00:00,136.16626410625122,21.269695654125208,251.53463510506853,95
3416,2019-01-21 09:00:00,152.43179999829792,32.24471175768164,271.3115617954954,151
3417,2019-01-21 10:00:00,166.06107087673865,49.76078270535715,289.1420923660134,195
3418,2019-01-21 11:00:00,174.97237064560457,58.793802392170115,299.15173947510823,240
3419,2019-01-21 12:00:00,180.67658143108446,62.08893100515825,303.9535508379633,275
3420,2019-01-21 13:00:00,185.60219064311184,70.5376775284933,307.68473291890353,301
3421,2019-01-21 14:00:00,189.85730545904588,73.30184184292666,308.3550800179709,284
3422,2019-01-21 15:00:00,191.03040514665344,74.47725646760621,313.590231913414,281
3423,2019-01-21 16:00:00,187.3658776451454,64.49555614530318,300.7555389624942,276
3424,2019-01-21 17:00:00,180.89204007447157,64.21128154929536,300.8766288337264,297
3425,2019-01-21 18:00:00,176.7901314106134,61.84874768974238,302.9222067413897,255
3426,2019-01-21 19:00:00,178.96708229614788,63.6551771230804,304.11107238521276,299
3427,2019-01-21 20:00:00,185.84210127009885,67.49977849415835,306.1245959603167,299
3428,2019-01-21 21:00:00,190.63305822225823,70.03793314290928,313.37712437023043,288
3429,2019-01-21 22:00:00,186.4219750664901,74.25266265609338,300.46167517610104,309
3430,2019-01-21 23:00:00,171.7455106320247,54.03141517854204,290.16549476365526,238
3431,2019-01-22 00:00:00,151.79902617340568,35.50069170453018,268.5034631109827,156
3432,2019-01-22 01:00:00,134.28066574856769,15.676794730193876,255.15407048033944,119
3433,2019-01-22 02:00:00,123.71843256194053,6.413839055966723,245.86219776489222,94
3434,2019-01-22 03:00:00,119.26399064697131,4.9507485024208915,238.3292014462615,78
3435,2019-01-22 04:00:00,117.42526850335793,-2.5895149557808934,240.13798921849985,50
3436,2019-01-22 05:00:00,116.54286404452223,-0.2259107273493836,237.18723446951572,56
3437,2019-01-22 06:00:00,118.48635098610914,9.285974990326148,238.07604160922557,58
3438,2019-01-22 07:00:00,126.1586363348761,5.158669120978929,246.0399450519496,84
3439,2019-01-22 08:00:00,139.6875133956291,24.155280553349122,260.2455247128963,119
3440,2019-01-22 09:00:00,155.36567842369578,41.86171232264323,277.3352480788755,159
3441,2019-01-22 10:00:00,168.43077148324235,55.5991888046848,287.4673685319273,178
3442,2019-01-22 11:00:00,176.80313103879027,62.898070623454814,291.13331263845726,205
3443,2019-01-22 12:00:00,181.9953699626128,70.21225585685494,304.16849682159915,250
3444,2019-01-22 13:00:00,186.43739162771232,67.30044252044219,307.8764044841651,259
3445,2019-01-22 14:00:00,190.2384068227315,74.98860718134166,311.18709225270806,239
3446,2019-01-22 15:00:00,190.98769177105498,76.93659113902625,304.2814067359335,276
3447,2019-01-22 16:00:00,186.93013350227255,68.66483861824607,309.98147295803426,244
3448,2019-01-22 17:00:00,180.09426204914638,59.82670008140634,293.4876168816075,257
3449,2019-01-22 18:00:00,175.66125746458331,57.21299103201546,292.1430541626514,221
3450,2019-01-22 19:00:00,177.53773637306696,61.97221749440516,298.7433147779453,270
3451,2019-01-22 20:00:00,184.14235704810972,65.075744162998,304.7877574463028,303
3452,2019-01-22 21:00:00,188.69222351789193,69.62559610832825,309.4096917450616,304
3453,2019-01-22 22:00:00,184.26839837381976,66.92345341080436,306.8860743651705,281
3454,2019-01-22 23:00:00,169.40641094078833,46.18718079784213,294.5999480330923,201
3455,2019-01-23 00:00:00,149.30034688076663,31.0863631629382,277.3731328685784,167
3456,2019-01-23 01:00:00,131.64695312372436,15.034296200674374,255.28609092198857,93
3457,2019-01-23 02:00:00,120.97273889115922,-0.9212843894981486,244.68766899046403,76
3458,2019-01-23 03:00:00,116.42780185935024,0.8987905227561799,241.42567873313652,61
3459,2019-01-23 04:00:00,114.5184557334386,-2.0182204031271866,235.1067985773792,57
3460,2019-01-23 05:00:00,113.5836583050394,-1.850435536874088,229.61519956824247,55
3461,2019-01-23 06:00:00,115.49133982060265,-2.2117305888847825,235.06317933287514,71
3462,2019-01-23 07:00:00,123.14278105649193,3.4809023313113876,240.29504733816603,83
3463,2019-01-23 08:00:00,136.66418528162228,18.947177935858544,254.4599834647946,106
3464,2019-01-23 09:00:00,152.34671202143068,31.65928917172196,277.1837333450487,153
3465,2019-01-23 10:00:00,165.42653299995652,47.397239396799094,288.64375133127805,199
3466,2019-01-23 11:00:00,173.82259964570463,56.14626095369878,294.9338808709564,212
3467,2019-01-23 12:00:00,179.04622972703723,61.84982640793956,299.4974330135471,348
3468,2019-01-23 13:00:00,183.5261317133731,61.13998289269303,303.97125209837253,250
3469,2019-01-23 14:00:00,187.37042755393787,70.08188027754589,302.7599916297807,234
3470,2019-01-23 15:00:00,188.16741415849205,70.11823241681799,308.49031797565885,213
3471,2019-01-23 16:00:00,184.16110985798292,64.00106263323377,303.6341575705777,223
3472,2019-01-23 17:00:00,177.379285385007,61.60878840340415,299.92380700231104,227
3473,2019-01-23 18:00:00,173.0024674740641,54.818580300974546,292.27800009663093,227
3474,2019-01-23 19:00:00,174.93671992826233,57.466590098955066,301.47044832414315,279
3475,2019-01-23 20:00:00,181.60024131059254,63.74788832450116,301.1031038248928,254
3476,2019-01-23 21:00:00,186.20975995191105,67.91117881231885,304.6937159554424,301
3477,2019-01-23 22:00:00,181.84603616597823,64.02594514337603,301.2734897415523,280
3478,2019-01-23 23:00:00,167.04435857328218,47.852489423246006,289.55886697319625,219
3479,2019-01-24 00:00:00,146.99862085002383,22.13571390422218,267.32692591627944,149
3480,2019-01-24 01:00:00,129.4054130778291,3.1602437413010773,255.305392562801,90
3481,2019-01-24 02:00:00,118.79110872895416,6.401570494964135,238.86106761932194,86
3482,2019-01-24 03:00:00,114.30567661187828,-4.381200616976431,244.42025325230082,71
3483,2019-01-24 04:00:00,112.45529435524234,-2.6267314350472684,235.48972254844088,55
3484,2019-01-24 05:00:00,111.57876276031004,-5.77990441685026,230.55919407834455,46
3485,2019-01-24 06:00:00,113.54382114009665,-0.24098599455976327,230.88287377546675,76
3486,2019-01-24 07:00:00,121.25151330044933,2.24238769950754,240.37840969299512,78
3487,2019-01-24 08:00:00,134.82774859396295,12.366819574426838,257.27004485460895,102
3488,2019-01-24 09:00:00,150.56332618329452,30.661876874421587,268.76241912417606,124
3489,2019-01-24 10:00:00,163.69398311968118,44.26292282993968,288.7058569270653,198
3490,2019-01-24 11:00:00,172.13815578238155,50.99787222265087,296.057160527382,202
3491,2019-01-24 12:00:00,177.40656240689515,60.35861368043673,297.3691089187513,211
3492,2019-01-24 13:00:00,181.927225433875,63.33153094547008,299.434013560529,236
3493,2019-01-24 14:00:00,185.807494449667,60.5012660859339,309.2665793396235,237
3494,2019-01-24 15:00:00,186.63481006366925,66.5386001092921,307.5711671946212,236
3495,2019-01-24 16:00:00,182.65225502900051,68.27269588604695,303.04205910847304,218
3496,2019-01-24 17:00:00,175.88659212597858,57.53387365880474,296.410624491456,228
3497,2019-01-24 18:00:00,171.51727686751252,55.20965202106916,291.87370089847536,206
3498,2019-01-24 19:00:00,173.44924978250813,56.58644080299716,288.50846287040423,218
3499,2019-01-24 20:00:00,180.09954731999437,63.82278261314083,305.52360159507896,216
3500,2019-01-24 21:00:00,184.68371191578802,66.8505713493926,304.83683944702915,260
3501,2019-01-24 22:00:00,180.28131092571022,57.11557755943059,304.6119483261053,251
3502,2019-01-24 23:00:00,165.4264511168479,47.56244739873374,293.5785197495054,183
3503,2019-01-25 00:00:00,145.31187479264997,20.01550826595328,266.1726943668978,145
3504,2019-01-25 01:00:00,127.63307146852031,6.240376177117809,250.71729940048203,82
3505,2019-01-25 02:00:00,116.91538584698569,-2.6450875210307263,238.7153312370793,96
3506,2019-01-25 03:00:00,112.30785112046009,-7.958705692309105,235.55142848332062,55
3507,2019-01-25 04:00:00,110.31582386824451,-13.605072257148636,235.4486515502497,56
3508,2019-01-25 05:00:00,109.27741955917045,-13.618003817990127,233.32462015954397,41
3509,2019-01-25 06:00:00,111.05984845411055,-4.631334209509324,230.39052986441064,64
3510,2019-01-25 07:00:00,118.56380124059024,-1.3860817711429905,236.30206010588714,73
3511,2019-01-25 08:00:00,131.91502851221395,10.37340527441858,256.5427119332162,94
3512,2019-01-25 09:00:00,147.40438192833318,31.296191741735953,270.46129929556815,163
3513,2019-01-25 10:00:00,160.26787734425213,38.249824198794855,286.7026747657993,171
3514,2019-01-25 11:00:00,168.42446920295868,51.681205068276846,292.6265187357765,199
3515,2019-01-25 12:00:00,173.38564365329137,48.443939362205285,296.41348218829245,234
3516,2019-01-25 13:00:00,177.58044888540138,57.16433489270938,301.3212538419299,214
3517,2019-01-25 14:00:00,181.1175232650789,60.619818655958504,303.2793385027253,218
3518,2019-01-25 15:00:00,181.58586143912424,60.917288953844,303.37332937326096,217
3519,2019-01-25 16:00:00,177.2303645819306,57.85034911712814,296.8744206434118,223
3520,2019-01-25 17:00:00,170.07987420538078,52.38182177406842,293.5525097452338,186
3521,2019-01-25 18:00:00,165.31617753301268,41.503214140744596,285.0725958180331,173
3522,2019-01-25 19:00:00,166.84678917307627,45.77786136996304,294.35263690122383,178
3523,2019-01-25 20:00:00,173.09154816118982,44.79285438874338,293.79981078808953,185
3524,2019-01-25 21:00:00,177.2690109703752,52.021146753510195,301.6452117598866,176
3525,2019-01-25 22:00:00,172.4619503033549,53.85505855993689,294.04397614640703,187
3526,2019-01-25 23:00:00,157.20784649860445,33.83705402256803,282.0827961065399,153
3527,2019-01-26 00:00:00,136.7029578222677,9.876023788489045,260.99712646310525,117
3528,2019-01-26 01:00:00,118.64640376493035,-1.4374605047849,245.80981744223328,98
3529,2019-01-26 02:00:00,107.56724237075353,-11.77623919606859,231.92264313113682,76
3530,2019-01-26 03:00:00,102.61827090546467,-26.047701480070472,229.07365925262198,66
3531,2019-01-26 04:00:00,100.3086264542429,-18.24118480433474,223.93938550717309,47
3532,2019-01-26 05:00:00,98.98018580535361,-25.228159317249474,221.24182073840066,43
3533,2019-01-26 06:00:00,100.50386478291136,-21.070922715450784,222.40032974562072,51
3534,2019-01-26 07:00:00,107.78396675042048,-17.340497409951535,232.05010833713646,74
3535,2019-01-26 08:00:00,120.94972479295592,-0.18234975297123773,251.62038036417414,117
3536,2019-01-26 09:00:00,136.29530582714483,13.61122211017283,266.12552653511375,129
3537,2019-01-26 10:00:00,149.05983734009044,28.017746779552446,277.382055565495,160
3538,2019-01-26 11:00:00,157.1651464643144,38.09320866085209,285.5275387626624,195
3539,2019-01-26 12:00:00,162.12531925648292,38.07126830479486,289.15369203647543,181
3540,2019-01-26 13:00:00,166.37169906985113,50.663502206929984,284.870180620159,204
3541,2019-01-26 14:00:00,170.0148849862588,52.526842847435944,293.22192686142955,203
3542,2019-01-26 15:00:00,170.64547083707342,46.898356380567336,296.31292328883114,214
3543,2019-01-26 16:00:00,166.50957132073756,39.78619983574348,292.81253952517307,214
3544,2019-01-26 17:00:00,159.63683495126716,38.71703181303421,284.24441950740373,190
3545,2019-01-26 18:00:00,155.20943211110946,30.74732626151267,277.3360313010992,157
3546,2019-01-26 19:00:00,157.13482318633365,35.46249825197323,282.9486940692786,187
3547,2019-01-26 20:00:00,163.8323460497695,36.722123172398504,297.52425971172397,166
3548,2019-01-26 21:00:00,168.5196036568031,42.03313326503692,295.996332386105,170
3549,2019-01-26 22:00:00,164.2779616778031,41.661486704536685,288.11840212403746,177
3550,2019-01-26 23:00:00,149.6430430736984,32.28075508923731,274.1073412016536,143
3551,2019-01-27 00:00:00,129.80880589789967,11.070928811443919,256.18412295586234,134
3552,2019-01-27 01:00:00,112.47163843839533,-15.006928147087907,234.67249519325455,94
3553,2019-01-27 02:00:00,102.15745263440078,-23.247722129447528,233.3287745271058,79
3554,2019-01-27 03:00:00,98.01550496986576,-24.582399576607802,215.01389575725074,51
3555,2019-01-27 04:00:00,96.55102125595813,-24.898860439904823,229.3966553599334,47
3556,2019-01-27 05:00:00,96.10162446641083,-23.90929656792061,223.3973271597495,45
3557,2019-01-27 06:00:00,98.53366552248755,-28.141992923650765,231.3610423815805,51
3558,2019-01-27 07:00:00,106.74660645936117,-17.618721205066624,232.2293114486441,79
3559,2019-01-27 08:00:00,120.86460016784675,-8.035132711315617,245.63770162535621,77
3560,2019-01-27 09:00:00,137.17653457524472,11.381092943990268,265.38157689215825,144
3561,2019-01-27 10:00:00,150.91610160778163,23.652306542249555,279.19378001283457,174
3562,2019-01-27 11:00:00,159.99958019761516,37.838454084199284,284.5533919087668,184
3563,2019-01-27 12:00:00,165.9354407886052,38.61402217350213,296.7481032454041,215
3564,2019-01-27 13:00:00,171.14938977058077,47.322589385522825,297.3963261231176,251
3565,2019-01-27 14:00:00,175.74641435344583,55.20887909807995,300.2617142379016,258
3566,2019-01-27 15:00:00,177.31156794099576,57.613577828303534,308.92091655728075,263
3567,2019-01-27 16:00:00,174.08554205113415,52.44409098950554,296.3589682687449,260
3568,2019-01-27 17:00:00,168.09272405647883,42.797712666458516,295.65446173061144,269
3569,2019-01-27 18:00:00,164.51022856591206,37.63034818861206,291.24668958266585,252
3570,2019-01-27 19:00:00,167.24070699662838,45.96443079266548,298.7379993884699,275
3571,2019-01-27 20:00:00,174.69897418589338,56.37431935917486,305.097527943182,299
3572,2019-01-27 21:00:00,180.0984324215251,62.25539792721689,310.93614465165155,314
3573,2019-01-27 22:00:00,176.5166024501862,58.606874840043744,299.56518104687854,248
3574,2019-01-27 23:00:00,162.48564805192478,33.224926647190095,285.86912661963476,207
3575,2019-01-28 00:00:00,143.19648017108403,23.06932672745924,266.47709357615526,142
3576,2019-01-28 01:00:00,126.3428744668738,-0.03340771993006766,255.48283527108185,95
3577,2019-01-28 02:00:00,116.4485830164743,-2.1839673413972527,245.76579193052837,67
3578,2019-01-28 03:00:00,112.66116920631227,-7.589161216702893,242.89653943286862,235
3579,2019-01-28 04:00:00,111.48464211802094,-18.064616290630187,237.09683516252335,66
3580,2019-01-28 05:00:00,111.25588949109897,-8.98815430314928,232.74552583585194,49
3581,2019-01-28 06:00:00,113.8410091540347,-12.757747253507747,239.80537796554324,57
3582,2019-01-28 07:00:00,122.139688382319,-8.176157927278794,251.84663505051725,94
3583,2019-01-28 08:00:00,136.27677544296733,10.742674727778985,263.00886013123625,113
3584,2019-01-28 09:00:00,152.542311336292,27.199035396631395,275.04643103144514,123
3585,2019-01-28 10:00:00,166.17158221456683,44.94106931277682,284.4858018886568,150
3586,2019-01-28 11:00:00,175.0828819835175,43.933619367772074,305.16610370333456,246
3587,2019-01-28 12:00:00,180.78709276899835,56.2432244965505,309.14448913602496,215
3588,2019-01-28 13:00:00,185.7127019809953,60.274565088756844,318.7249601347784,251
3589,2019-01-28 14:00:00,189.96781679687302,61.46489520036915,311.23563121607356,258
3590,2019-01-28 15:00:00,191.14091648442272,59.73992030866949,322.7715633774491,260
3591,2019-01-28 16:00:00,187.4763889828891,64.71454211026884,312.2870977914603,240
3592,2019-01-28 17:00:00,181.00255141237278,58.82617488422792,308.73915478217765,231
3593,2019-01-28 18:00:00,176.90064274843317,55.291881846037775,307.19283129232247,243
3594,2019-01-28 19:00:00,179.07759363390284,55.132113005762925,302.32993190674904,242
3595,2019-01-28 20:00:00,185.952612608012,58.8844358432277,311.6220545721097,305
3596,2019-01-28 21:00:00,190.7435695601187,62.06009053708427,323.38720319845544,288
3597,2019-01-28 22:00:00,186.5324864042593,63.03970460122454,315.9989488745945,268
3598,2019-01-28 23:00:00,171.8560219699495,48.40905538783034,300.5052915529802,188
3599,2019-01-29 00:00:00,151.9095375113492,28.968435607282174,279.3763633508428,140
3600,2019-01-29 01:00:00,134.39117708644315,10.542223821000949,259.4147136469774,96
3601,2019-01-29 02:00:00,123.82894389975435,-4.151003929824435,256.8636713315546,66
3602,2019-01-29 03:00:00,119.37450198484208,-8.114643920456738,248.1277928485115,69
3603,2019-01-29 04:00:00,117.53577984124074,-7.442953074107544,247.25048081565143,41
3604,2019-01-29 05:00:00,116.65337538238204,-7.7975244425925645,244.04344708912862,52
3605,2019-01-29 06:00:00,118.59686232399864,-2.3112088149785004,245.4842818618318,63
3606,2019-01-29 07:00:00,126.2691476729127,2.3204639875394144,257.481130140882,64
3607,2019-01-29 08:00:00,139.7980247334449,9.75955793271567,270.29252402687064,112
3608,2019-01-29 09:00:00,155.47618976153976,25.651309963727574,284.08127591170137,146
3609,2019-01-29 10:00:00,168.54128282112018,38.93695165433267,300.10264881106315,190
3610,2019-01-29 11:00:00,176.9136423766927,48.53800910782641,303.1469061685026,206
3611,2019-01-29 12:00:00,182.10588130051684,59.19797590167833,309.4564719965761,228
3612,2019-01-29 13:00:00,186.5479029655865,62.307117833741785,314.7022554210896,212
3613,2019-01-29 14:00:00,190.34891816061634,64.68569218812685,319.80906748228927,246
3614,2019-01-29 15:00:00,191.0982031088263,70.96948246274809,319.0721213199949,231
3615,2019-01-29 16:00:00,187.04064484001938,62.82663222460851,317.7329889052485,271
3616,2019-01-29 17:00:00,180.20477338690563,54.9366421229145,307.75921598698716,203
3617,2019-01-29 18:00:00,175.77176880241117,45.41937589317175,300.4952343088923,210
3618,2019-01-29 19:00:00,177.64824771096048,53.93252710385786,305.92474724573816,258
3619,2019-01-29 20:00:00,184.2528683857556,58.000097261958715,311.5753198942362,247
3620,2019-01-29 21:00:00,188.80273485560343,63.21821536466631,321.1484972723631,268
3621,2019-01-29 22:00:00,184.37890971163952,60.97531627808665,312.88956844784303,247
3622,2019-01-29 23:00:00,169.51692227848616,43.3032631609956,302.0189615726611,186
